category,date,close_price
taiwanindexdb,2021/02/26,15953.8
taiwanindexdb,2021/02/25,16452.18
taiwanindexdb,2021/02/24,16212.53
taiwanindexdb,2021/02/23,16443.4
taiwanindexdb,2021/02/22,16410.16
taiwanindexdb,2021/02/19,16341.38
taiwanindexdb,2021/02/18,16424.51
taiwanindexdb,2021/02/17,16362.29
taiwanindexdb,2021/02/05,15802.4
taiwanindexdb,2021/02/04,15706.22
taiwanindexdb,2021/02/03,15771.32
taiwanindexdb,2021/02/02,15760.05
taiwanindexdb,2021/02/01,15410.09
taiwanindexdb,2021/01/29,15138.31
taiwanindexdb,2021/01/28,15415.88
taiwanindexdb,2021/01/27,15701.45
taiwanindexdb,2021/01/26,15658.85
taiwanindexdb,2021/01/25,15946.54
taiwanindexdb,2021/01/22,16019.03
taiwanindexdb,2021/01/21,16153.77
taiwanindexdb,2021/01/20,15806.18
taiwanindexdb,2021/01/19,15877.37
taiwanindexdb,2021/01/18,15612
taiwanindexdb,2021/01/15,15616.39
taiwanindexdb,2021/01/14,15707.19
taiwanindexdb,2021/01/13,15769.98
taiwanindexdb,2021/01/12,15500.7
taiwanindexdb,2021/01/11,15557.3
taiwanindexdb,2021/01/08,15463.95
taiwanindexdb,2021/01/07,15214
taiwanindexdb,2021/01/06,14983.13
taiwanindexdb,2021/01/05,15000.03
taiwanindexdb,2021/01/04,14902.03
taiwanindexdb,2020/12/31,14732.53
taiwanindexdb,2020/12/30,14687.7
taiwanindexdb,2020/12/29,14472.05
taiwanindexdb,2020/12/28,14483.07
taiwanindexdb,2020/12/25,14331.42
taiwanindexdb,2020/12/24,14280.28
taiwanindexdb,2020/12/23,14223.09
taiwanindexdb,2020/12/22,14177.46
taiwanindexdb,2020/12/21,14384.96
taiwanindexdb,2020/12/18,14249.96
taiwanindexdb,2020/12/17,14258.93
taiwanindexdb,2020/12/16,14304.46
taiwanindexdb,2020/12/15,14068.52
taiwanindexdb,2020/12/14,14211.05
taiwanindexdb,2020/12/11,14261.69
taiwanindexdb,2020/12/10,14249.49
taiwanindexdb,2020/12/09,14390.14
taiwanindexdb,2020/12/08,14360.4
taiwanindexdb,2020/12/07,14256.6
taiwanindexdb,2020/12/04,14132.44
taiwanindexdb,2020/12/03,13977.09
taiwanindexdb,2020/12/02,13989.14
taiwanindexdb,2020/12/01,13885.67
taiwanindexdb,2020/11/30,13722.89
taiwanindexdb,2020/11/27,13867.09
taiwanindexdb,2020/11/26,13845.66
taiwanindexdb,2020/11/25,13738.83
taiwanindexdb,2020/11/24,13807.13
taiwanindexdb,2020/11/23,13878.01
taiwanindexdb,2020/11/20,13716.44
taiwanindexdb,2020/11/19,13722.43
taiwanindexdb,2020/11/18,13773.29
taiwanindexdb,2020/11/17,13593.01
taiwanindexdb,2020/11/16,13551.83
taiwanindexdb,2020/11/13,13273.33
taiwanindexdb,2020/11/12,13221.78
taiwanindexdb,2020/11/11,13262.19
taiwanindexdb,2020/11/10,13081.72
taiwanindexdb,2020/11/09,13127.47
taiwanindexdb,2020/11/06,12973.53
taiwanindexdb,2020/11/05,12918.8
taiwanindexdb,2020/11/04,12867.9
taiwanindexdb,2020/11/03,12736.01
taiwanindexdb,2020/11/02,12591.31
taiwanindexdb,2020/10/30,12546.34
taiwanindexdb,2020/10/29,12662.91
taiwanindexdb,2020/10/28,12793.75
taiwanindexdb,2020/10/27,12875.01
taiwanindexdb,2020/10/26,12909.03
taiwanindexdb,2020/10/23,12898.82
taiwanindexdb,2020/10/22,12917.03
taiwanindexdb,2020/10/21,12877.25
taiwanindexdb,2020/10/20,12862.37
taiwanindexdb,2020/10/19,12908.34
taiwanindexdb,2020/10/16,12750.37
taiwanindexdb,2020/10/15,12827.82
taiwanindexdb,2020/10/14,12919.31
taiwanindexdb,2020/10/13,12947.13
taiwanindexdb,2020/10/12,12955.91
taiwanindexdb,2020/10/08,12887.19
taiwanindexdb,2020/10/07,12746.37
taiwanindexdb,2020/10/06,12704.23
taiwanindexdb,2020/10/05,12548.28
taiwanindexdb,2020/09/30,12515.61
taiwanindexdb,2020/09/29,12467.73
taiwanindexdb,2020/09/28,12462.76
taiwanindexdb,2020/09/25,12232.91
taiwanindexdb,2020/09/24,12264.38
taiwanindexdb,2020/09/23,12583.88
taiwanindexdb,2020/09/22,12645.51
taiwanindexdb,2020/09/21,12795.12
taiwanindexdb,2020/09/18,12875.62
taiwanindexdb,2020/09/17,12872.74
taiwanindexdb,2020/09/16,12976.76
taiwanindexdb,2020/09/15,12845.65
taiwanindexdb,2020/09/14,12787.82
taiwanindexdb,2020/09/11,12675.95
taiwanindexdb,2020/09/10,12691.75
taiwanindexdb,2020/09/09,12608.58
taiwanindexdb,2020/09/08,12663.56
taiwanindexdb,2020/09/07,12601.4
taiwanindexdb,2020/09/04,12637.95
taiwanindexdb,2020/09/03,12757.97
taiwanindexdb,2020/09/02,12699.5
taiwanindexdb,2020/09/01,12703.28
taiwanindexdb,2020/08/31,12591.45
taiwanindexdb,2020/08/28,12728.85
taiwanindexdb,2020/08/27,12797.31
taiwanindexdb,2020/08/26,12833.29
taiwanindexdb,2020/08/25,12758.25
taiwanindexdb,2020/08/24,12647.13
taiwanindexdb,2020/08/21,12607.84
taiwanindexdb,2020/08/20,12362.64
taiwanindexdb,2020/08/19,12778.64
taiwanindexdb,2020/08/18,12872.14
taiwanindexdb,2020/08/17,12956.11
taiwanindexdb,2020/08/14,12795.46
taiwanindexdb,2020/08/13,12763.13
taiwanindexdb,2020/08/12,12670.35
taiwanindexdb,2020/08/11,12780.19
taiwanindexdb,2020/08/10,12894
taiwanindexdb,2020/08/07,12828.87
taiwanindexdb,2020/08/06,12913.5
taiwanindexdb,2020/08/05,12802.3
taiwanindexdb,2020/08/04,12709.92
taiwanindexdb,2020/08/03,12513.03
taiwanindexdb,2020/07/31,12664.8
taiwanindexdb,2020/07/30,12722.92
taiwanindexdb,2020/07/29,12540.97
taiwanindexdb,2020/07/28,12586.73
taiwanindexdb,2020/07/27,12588.3
taiwanindexdb,2020/07/24,12304.04
taiwanindexdb,2020/07/23,12413.04
taiwanindexdb,2020/07/22,12473.27
taiwanindexdb,2020/07/21,12397.55
taiwanindexdb,2020/07/20,12174.54
taiwanindexdb,2020/07/17,12181.56
taiwanindexdb,2020/07/16,12157.74
taiwanindexdb,2020/07/15,12202.85
taiwanindexdb,2020/07/14,12209.01
taiwanindexdb,2020/07/13,12211.56
taiwanindexdb,2020/07/10,12073.68
taiwanindexdb,2020/07/09,12192.69
taiwanindexdb,2020/07/08,12170.19
taiwanindexdb,2020/07/07,12092.97
taiwanindexdb,2020/07/06,12116.7
taiwanindexdb,2020/07/03,11909.16
taiwanindexdb,2020/07/02,11805.14
taiwanindexdb,2020/07/01,11703.42
taiwanindexdb,2020/06/30,11621.24
taiwanindexdb,2020/06/29,11542.62
taiwanindexdb,2020/06/24,11660.67
taiwanindexdb,2020/06/23,11612.36
taiwanindexdb,2020/06/22,11572.93
taiwanindexdb,2020/06/19,11549.86
taiwanindexdb,2020/06/18,11548.33
taiwanindexdb,2020/06/17,11534.59
taiwanindexdb,2020/06/16,11511.64
taiwanindexdb,2020/06/15,11306.26
taiwanindexdb,2020/06/12,11429.94
taiwanindexdb,2020/06/11,11535.77
taiwanindexdb,2020/06/10,11720.16
taiwanindexdb,2020/06/09,11637.11
taiwanindexdb,2020/06/08,11610.32
taiwanindexdb,2020/06/05,11479.4
taiwanindexdb,2020/06/04,11393.23
taiwanindexdb,2020/06/03,11320.16
taiwanindexdb,2020/06/02,11127.93
taiwanindexdb,2020/06/01,11079.02
taiwanindexdb,2020/05/29,10942.16
taiwanindexdb,2020/05/28,10944.19
taiwanindexdb,2020/05/27,11014.66
taiwanindexdb,2020/05/26,10997.21
taiwanindexdb,2020/05/25,10871.18
taiwanindexdb,2020/05/22,10811.15
taiwanindexdb,2020/05/21,11008.31
taiwanindexdb,2020/05/20,10907.8
taiwanindexdb,2020/05/19,10860.44
taiwanindexdb,2020/05/18,10740.55
taiwanindexdb,2020/05/15,10814.92
taiwanindexdb,2020/05/14,10780.88
taiwanindexdb,2020/05/13,10938.27
taiwanindexdb,2020/05/12,10879.47
taiwanindexdb,2020/05/11,11013.26
taiwanindexdb,2020/05/08,10901.42
taiwanindexdb,2020/05/07,10842.92
taiwanindexdb,2020/05/06,10774.98
taiwanindexdb,2020/05/05,10774.61
taiwanindexdb,2020/05/04,10720.48
taiwanindexdb,2020/04/30,10992.14
taiwanindexdb,2020/04/29,10772.22
taiwanindexdb,2020/04/28,10616.06
taiwanindexdb,2020/04/27,10567.27
taiwanindexdb,2020/04/24,10347.36
taiwanindexdb,2020/04/23,10366.51
taiwanindexdb,2020/04/22,10307.74
taiwanindexdb,2020/04/21,10288.42
taiwanindexdb,2020/04/20,10586.71
taiwanindexdb,2020/04/17,10597.04
taiwanindexdb,2020/04/16,10375.48
taiwanindexdb,2020/04/15,10447.21
taiwanindexdb,2020/04/14,10332.94
taiwanindexdb,2020/04/13,10099.22
taiwanindexdb,2020/04/10,10157.61
taiwanindexdb,2020/04/09,10119.43
taiwanindexdb,2020/04/08,10137.47
taiwanindexdb,2020/04/07,9996.39
taiwanindexdb,2020/04/06,9818.74
taiwanindexdb,2020/04/01,9663.63
taiwanindexdb,2020/03/31,9708.06
taiwanindexdb,2020/03/30,9629.43
taiwanindexdb,2020/03/27,9698.92
taiwanindexdb,2020/03/26,9736.36
taiwanindexdb,2020/03/25,9644.75
taiwanindexdb,2020/03/24,9285.62
taiwanindexdb,2020/03/23,8890.03
taiwanindexdb,2020/03/20,9234.09
taiwanindexdb,2020/03/19,8681.34
taiwanindexdb,2020/03/18,9218.67
taiwanindexdb,2020/03/17,9439.63
taiwanindexdb,2020/03/16,9717.77
taiwanindexdb,2020/03/13,10128.87
taiwanindexdb,2020/03/12,10422.32
taiwanindexdb,2020/03/11,10893.75
taiwanindexdb,2020/03/10,11003.54
taiwanindexdb,2020/03/09,10977.64
taiwanindexdb,2020/03/06,11321.81
taiwanindexdb,2020/03/05,11514.82
taiwanindexdb,2020/03/04,11392.35
taiwanindexdb,2020/03/03,11327.72
taiwanindexdb,2020/03/02,11170.46
taiwanindexdb,2020/02/27,11292.17
taiwanindexdb,2020/02/26,11433.62
taiwanindexdb,2020/02/25,11540.23
taiwanindexdb,2020/02/24,11534.87
taiwanindexdb,2020/02/21,11686.35
taiwanindexdb,2020/02/20,11725.09
taiwanindexdb,2020/02/19,11758.84
taiwanindexdb,2020/02/18,11648.98
taiwanindexdb,2020/02/17,11763.51
taiwanindexdb,2020/02/14,11815.7
taiwanindexdb,2020/02/13,11791.78
taiwanindexdb,2020/02/12,11774.19
taiwanindexdb,2020/02/11,11664.04
taiwanindexdb,2020/02/10,11574.07
taiwanindexdb,2020/02/07,11612.81
taiwanindexdb,2020/02/06,11749.68
taiwanindexdb,2020/02/05,11573.62
taiwanindexdb,2020/02/04,11555.92
taiwanindexdb,2020/02/03,11354.92
taiwanindexdb,2020/01/31,11495.1
taiwanindexdb,2020/01/30,11421.74
taiwanindexdb,2020/01/20,12118.71
taiwanindexdb,2020/01/17,12090.29
taiwanindexdb,2020/01/16,12066.93
taiwanindexdb,2020/01/15,12091.88
taiwanindexdb,2020/01/14,12179.81
taiwanindexdb,2020/01/13,12113.42
taiwanindexdb,2020/01/10,12024.65
taiwanindexdb,2020/01/09,11970.63
taiwanindexdb,2020/01/08,11817.1
taiwanindexdb,2020/01/07,11880.32
taiwanindexdb,2020/01/06,11953.36
taiwanindexdb,2020/01/03,12110.43
taiwanindexdb,2020/01/02,12100.48
taiwanindexdb,2019/12/31,11997.14
taiwanindexdb,2019/12/30,12053.37
taiwanindexdb,2019/12/27,12091.59
taiwanindexdb,2019/12/26,12001.01
taiwanindexdb,2019/12/25,12008.13
taiwanindexdb,2019/12/24,11976.38
taiwanindexdb,2019/12/23,12022.23
taiwanindexdb,2019/12/20,11959.08
taiwanindexdb,2019/12/19,12018.9
taiwanindexdb,2019/12/18,12122.45
taiwanindexdb,2019/12/17,12097.01
taiwanindexdb,2019/12/16,11939.77
taiwanindexdb,2019/12/13,11927.73
taiwanindexdb,2019/12/12,11836.42
taiwanindexdb,2019/12/11,11700.77
taiwanindexdb,2019/12/10,11627.84
taiwanindexdb,2019/12/09,11660.77
taiwanindexdb,2019/12/06,11609.64
taiwanindexdb,2019/12/05,11594.65
taiwanindexdb,2019/12/04,11510.47
taiwanindexdb,2019/12/03,11531.58
taiwanindexdb,2019/12/02,11502.83
taiwanindexdb,2019/11/29,11489.57
taiwanindexdb,2019/11/28,11617.08
taiwanindexdb,2019/11/27,11647.46
taiwanindexdb,2019/11/26,11576.82
taiwanindexdb,2019/11/25,11561.58
taiwanindexdb,2019/11/22,11566.8
taiwanindexdb,2019/11/21,11558.27
taiwanindexdb,2019/11/20,11631.2
taiwanindexdb,2019/11/19,11656.4
taiwanindexdb,2019/11/18,11599.78
taiwanindexdb,2019/11/15,11525.6
taiwanindexdb,2019/11/14,11450.42
taiwanindexdb,2019/11/13,11467.83
taiwanindexdb,2019/11/12,11520.37
taiwanindexdb,2019/11/11,11427.28
taiwanindexdb,2019/11/08,11579.54
taiwanindexdb,2019/11/07,11606.56
taiwanindexdb,2019/11/06,11653.07
taiwanindexdb,2019/11/05,11644.03
taiwanindexdb,2019/11/04,11556.85
taiwanindexdb,2019/11/01,11399.53
taiwanindexdb,2019/10/31,11358.71
taiwanindexdb,2019/10/30,11380.28
taiwanindexdb,2019/10/29,11333.87
taiwanindexdb,2019/10/28,11315.02
taiwanindexdb,2019/10/25,11296.12
taiwanindexdb,2019/10/24,11320.14
taiwanindexdb,2019/10/23,11239.67
taiwanindexdb,2019/10/22,11271.25
taiwanindexdb,2019/10/21,11184.15
taiwanindexdb,2019/10/18,11180.22
taiwanindexdb,2019/10/17,11186.88
taiwanindexdb,2019/10/16,11162.83
taiwanindexdb,2019/10/15,11111.8
taiwanindexdb,2019/10/14,11066.95
taiwanindexdb,2019/10/09,10889.96
taiwanindexdb,2019/10/08,11017.31
taiwanindexdb,2019/10/07,10935.06
taiwanindexdb,2019/10/04,10894.48
taiwanindexdb,2019/10/03,10875.91
taiwanindexdb,2019/10/02,10947.88
taiwanindexdb,2019/10/01,10967.65
taiwanindexdb,2019/09/27,10829.68
taiwanindexdb,2019/09/26,10871.99
taiwanindexdb,2019/09/25,10873.69
taiwanindexdb,2019/09/24,10918.01
taiwanindexdb,2019/09/23,10919.02
taiwanindexdb,2019/09/20,10929.69
taiwanindexdb,2019/09/19,10894.7
taiwanindexdb,2019/09/18,10929.45
taiwanindexdb,2019/09/17,10874.5
taiwanindexdb,2019/09/16,10898.13
taiwanindexdb,2019/09/12,10827.55
taiwanindexdb,2019/09/11,10790.35
taiwanindexdb,2019/09/10,10753.58
taiwanindexdb,2019/09/09,10801.14
taiwanindexdb,2019/09/06,10780.64
taiwanindexdb,2019/09/05,10756.93
taiwanindexdb,2019/09/04,10657.31
taiwanindexdb,2019/09/03,10558.21
taiwanindexdb,2019/09/02,10634.85
taiwanindexdb,2019/08/30,10618.05
taiwanindexdb,2019/08/29,10462.43
taiwanindexdb,2019/08/28,10434.29
taiwanindexdb,2019/08/27,10387.23
taiwanindexdb,2019/08/26,10354.57
taiwanindexdb,2019/08/23,10538.11
taiwanindexdb,2019/08/22,10529.78
taiwanindexdb,2019/08/21,10525.8
taiwanindexdb,2019/08/20,10522.5
taiwanindexdb,2019/08/19,10488.75
taiwanindexdb,2019/08/16,10420.89
taiwanindexdb,2019/08/15,10327.13
taiwanindexdb,2019/08/14,10427.73
taiwanindexdb,2019/08/13,10362.66
taiwanindexdb,2019/08/12,10472.36
taiwanindexdb,2019/08/08,10494.49
taiwanindexdb,2019/08/07,10386.18
taiwanindexdb,2019/08/06,10394.75
taiwanindexdb,2019/08/05,10423.41
taiwanindexdb,2019/08/02,10549.04
taiwanindexdb,2019/08/01,10731.75
taiwanindexdb,2019/07/31,10823.81
taiwanindexdb,2019/07/30,10830.9
taiwanindexdb,2019/07/29,10885.73
taiwanindexdb,2019/07/26,10891.98
taiwanindexdb,2019/07/25,10941.41
taiwanindexdb,2019/07/24,10935.76
taiwanindexdb,2019/07/23,10947.26
taiwanindexdb,2019/07/22,10944.53
taiwanindexdb,2019/07/19,10873.19
taiwanindexdb,2019/07/18,10799.28
taiwanindexdb,2019/07/17,10828.48
taiwanindexdb,2019/07/16,10886.05
taiwanindexdb,2019/07/15,10876.43
taiwanindexdb,2019/07/12,10824.35
taiwanindexdb,2019/07/11,10843.42
taiwanindexdb,2019/07/10,10798.48
taiwanindexdb,2019/07/09,10702.78
taiwanindexdb,2019/07/08,10751.22
taiwanindexdb,2019/07/05,10785.73
taiwanindexdb,2019/07/04,10775.9
taiwanindexdb,2019/07/03,10743.77
taiwanindexdb,2019/07/02,10865.12
taiwanindexdb,2019/07/01,10895.46
taiwanindexdb,2019/06/28,10730.83
taiwanindexdb,2019/06/27,10773.9
taiwanindexdb,2019/06/26,10652.55
taiwanindexdb,2019/06/25,10706.72
taiwanindexdb,2019/06/24,10779.45
taiwanindexdb,2019/06/21,10803.77
taiwanindexdb,2019/06/20,10785.01
taiwanindexdb,2019/06/19,10775.34
taiwanindexdb,2019/06/18,10566.74
taiwanindexdb,2019/06/17,10530.54
taiwanindexdb,2019/06/14,10524.67
taiwanindexdb,2019/06/13,10561.01
taiwanindexdb,2019/06/12,10615.66
taiwanindexdb,2019/06/11,10607.76
taiwanindexdb,2019/06/10,10566.47
taiwanindexdb,2019/06/06,10409.2
taiwanindexdb,2019/06/05,10461.62
taiwanindexdb,2019/06/04,10429.12
taiwanindexdb,2019/06/03,10500.07
taiwanindexdb,2019/05/31,10498.49
taiwanindexdb,2019/05/30,10382.99
taiwanindexdb,2019/05/29,10301.78
taiwanindexdb,2019/05/28,10312.31
taiwanindexdb,2019/05/27,10334.13
taiwanindexdb,2019/05/24,10328.28
taiwanindexdb,2019/05/23,10308.37
taiwanindexdb,2019/05/22,10457.22
taiwanindexdb,2019/05/21,10464.5
taiwanindexdb,2019/05/20,10398.41
taiwanindexdb,2019/05/17,10384.11
taiwanindexdb,2019/05/16,10474.61
taiwanindexdb,2019/05/15,10560.71
taiwanindexdb,2019/05/14,10519.25
taiwanindexdb,2019/05/13,10558.29
taiwanindexdb,2019/05/10,10712.99
taiwanindexdb,2019/05/09,10733.67
taiwanindexdb,2019/05/08,10923.71
taiwanindexdb,2019/05/07,10987.14
taiwanindexdb,2019/05/06,10897.12
taiwanindexdb,2019/05/03,11096.3
taiwanindexdb,2019/05/02,11004.49
taiwanindexdb,2019/04/30,10967.73
taiwanindexdb,2019/04/29,10939.06
taiwanindexdb,2019/04/26,10952.47
taiwanindexdb,2019/04/25,11039.86
taiwanindexdb,2019/04/24,11027.64
taiwanindexdb,2019/04/23,11025.68
taiwanindexdb,2019/04/22,10987.71
taiwanindexdb,2019/04/19,10968.5
taiwanindexdb,2019/04/18,10962.02
taiwanindexdb,2019/04/17,10997.26
taiwanindexdb,2019/04/16,10927.85
taiwanindexdb,2019/04/15,10875.6
taiwanindexdb,2019/04/12,10805.3
taiwanindexdb,2019/04/11,10808.77
taiwanindexdb,2019/04/10,10868.14
taiwanindexdb,2019/04/09,10851.6
taiwanindexdb,2019/04/08,10800.57
taiwanindexdb,2019/04/03,10704.38
taiwanindexdb,2019/04/02,10690.3
taiwanindexdb,2019/04/01,10642.63
taiwanindexdb,2019/03/29,10641.04
taiwanindexdb,2019/03/28,10536.26
taiwanindexdb,2019/03/27,10542.7
taiwanindexdb,2019/03/26,10559.2
taiwanindexdb,2019/03/25,10479.48
taiwanindexdb,2019/03/22,10639.07
taiwanindexdb,2019/03/21,10609.55
taiwanindexdb,2019/03/20,10551.56
taiwanindexdb,2019/03/19,10512.32
taiwanindexdb,2019/03/18,10512.7
taiwanindexdb,2019/03/15,10439.24
taiwanindexdb,2019/03/14,10348.65
taiwanindexdb,2019/03/13,10373.32
taiwanindexdb,2019/03/12,10343.33
taiwanindexdb,2019/03/11,10250.28
taiwanindexdb,2019/03/08,10241.75
taiwanindexdb,2019/03/07,10311.68
taiwanindexdb,2019/03/06,10357.15
taiwanindexdb,2019/03/05,10305.26
taiwanindexdb,2019/03/04,10349.88
taiwanindexdb,2019/02/27,10389.17
taiwanindexdb,2019/02/26,10391.55
taiwanindexdb,2019/02/25,10390.93
taiwanindexdb,2019/02/22,10322.92
taiwanindexdb,2019/02/21,10319.53
taiwanindexdb,2019/02/20,10272.46
taiwanindexdb,2019/02/19,10152.26
taiwanindexdb,2019/02/18,10145.28
taiwanindexdb,2019/02/15,10064.78
taiwanindexdb,2019/02/14,10089.01
taiwanindexdb,2019/02/13,10090.58
taiwanindexdb,2019/02/12,10097.74
taiwanindexdb,2019/02/11,10004.25
taiwanindexdb,2019/01/30,9932.26
taiwanindexdb,2019/01/29,9931.59
taiwanindexdb,2019/01/28,10013.33
taiwanindexdb,2019/01/25,9969.61
taiwanindexdb,2019/01/24,9877.12
taiwanindexdb,2019/01/23,9846.4
taiwanindexdb,2019/01/22,9894.66
taiwanindexdb,2019/01/21,9889.4
taiwanindexdb,2019/01/18,9836.06
taiwanindexdb,2019/01/17,9789.15
taiwanindexdb,2019/01/16,9763.81
taiwanindexdb,2019/01/15,9806.04
taiwanindexdb,2019/01/14,9708.22
taiwanindexdb,2019/01/11,9759.4
taiwanindexdb,2019/01/10,9720.69
taiwanindexdb,2019/01/09,9738.31
taiwanindexdb,2019/01/08,9563.6
taiwanindexdb,2019/01/07,9590.3
taiwanindexdb,2019/01/04,9382.51
taiwanindexdb,2019/01/03,9492.42
taiwanindexdb,2019/01/02,9554.14
taiwanindexdb,2018/12/28,9727.41
taiwanindexdb,2018/12/27,9641.56
taiwanindexdb,2018/12/26,9478.99
taiwanindexdb,2018/12/25,9527.09
taiwanindexdb,2018/12/24,9639.7
taiwanindexdb,2018/12/22,9646.16
taiwanindexdb,2018/12/21,9676.67
taiwanindexdb,2018/12/20,9674.52
taiwanindexdb,2018/12/19,9783.21
taiwanindexdb,2018/12/18,9718.82
taiwanindexdb,2018/12/17,9787.53
taiwanindexdb,2018/12/14,9774.16
taiwanindexdb,2018/12/13,9858.76
taiwanindexdb,2018/12/12,9816.45
taiwanindexdb,2018/12/11,9707.04
taiwanindexdb,2018/12/10,9647.54
taiwanindexdb,2018/12/07,9760.88
taiwanindexdb,2018/12/06,9684.72
taiwanindexdb,2018/12/05,9916.74
taiwanindexdb,2018/12/04,10083.54
taiwanindexdb,2018/12/03,10137.87
taiwanindexdb,2018/11/30,9888.03
taiwanindexdb,2018/11/29,9885.36
taiwanindexdb,2018/11/28,9884.31
taiwanindexdb,2018/11/27,9778.62
taiwanindexdb,2018/11/26,9765.36
taiwanindexdb,2018/11/23,9667.3
taiwanindexdb,2018/11/22,9714.71
taiwanindexdb,2018/11/21,9741.52
taiwanindexdb,2018/11/20,9743.99
taiwanindexdb,2018/11/19,9828.69
taiwanindexdb,2018/11/16,9797.09
taiwanindexdb,2018/11/15,9826.46
taiwanindexdb,2018/11/14,9791.88
taiwanindexdb,2018/11/13,9775.84
taiwanindexdb,2018/11/12,9831.21
taiwanindexdb,2018/11/09,9830.01
taiwanindexdb,2018/11/08,9945.31
taiwanindexdb,2018/11/07,9908.35
taiwanindexdb,2018/11/06,9824.95
taiwanindexdb,2018/11/05,9889.81
taiwanindexdb,2018/11/02,9906.59
taiwanindexdb,2018/11/01,9844.74
taiwanindexdb,2018/10/31,9802.13
taiwanindexdb,2018/10/30,9526.11
taiwanindexdb,2018/10/29,9516.32
taiwanindexdb,2018/10/26,9489.18
taiwanindexdb,2018/10/25,9520.79
taiwanindexdb,2018/10/24,9759.4
taiwanindexdb,2018/10/23,9775.2
taiwanindexdb,2018/10/22,9974.28
taiwanindexdb,2018/10/19,9919.26
taiwanindexdb,2018/10/18,9953.73
taiwanindexdb,2018/10/17,9979.14
taiwanindexdb,2018/10/16,9981.1
taiwanindexdb,2018/10/15,9901.12
taiwanindexdb,2018/10/12,10045.81
taiwanindexdb,2018/10/11,9806.11
taiwanindexdb,2018/10/09,10466.83
taiwanindexdb,2018/10/08,10455.93
taiwanindexdb,2018/10/05,10517.12
taiwanindexdb,2018/10/04,10718.91
taiwanindexdb,2018/10/03,10863.94
taiwanindexdb,2018/10/02,10919.63
taiwanindexdb,2018/10/01,11051.8
taiwanindexdb,2018/09/28,11006.34
taiwanindexdb,2018/09/27,11034.19
taiwanindexdb,2018/09/26,10974.19
taiwanindexdb,2018/09/25,10978.85
taiwanindexdb,2018/09/21,10972.41
taiwanindexdb,2018/09/20,10831.41
taiwanindexdb,2018/09/19,10857.27
taiwanindexdb,2018/09/18,10760.21
taiwanindexdb,2018/09/17,10828.61
taiwanindexdb,2018/09/14,10868.14
taiwanindexdb,2018/09/13,10727.23
taiwanindexdb,2018/09/12,10722.57
taiwanindexdb,2018/09/11,10752.3
taiwanindexdb,2018/09/10,10725.8
taiwanindexdb,2018/09/07,10846.99
taiwanindexdb,2018/09/06,10924.3
taiwanindexdb,2018/09/05,10995.13
taiwanindexdb,2018/09/04,11021.38
taiwanindexdb,2018/09/03,10964.22
taiwanindexdb,2018/08/31,11063.94
taiwanindexdb,2018/08/30,11093.75
taiwanindexdb,2018/08/29,11099.57
taiwanindexdb,2018/08/28,10989.55
taiwanindexdb,2018/08/27,10902.21
taiwanindexdb,2018/08/24,10809.35
taiwanindexdb,2018/08/23,10863.13
taiwanindexdb,2018/08/22,10804.2
taiwanindexdb,2018/08/21,10792.2
taiwanindexdb,2018/08/20,10699.05
taiwanindexdb,2018/08/17,10690.96
taiwanindexdb,2018/08/16,10683.9
taiwanindexdb,2018/08/15,10716.75
taiwanindexdb,2018/08/14,10824.23
taiwanindexdb,2018/08/13,10748.92
taiwanindexdb,2018/08/10,10983.68
taiwanindexdb,2018/08/09,11028.07
taiwanindexdb,2018/08/08,11075.25
taiwanindexdb,2018/08/07,10983.44
taiwanindexdb,2018/08/06,11024.1
taiwanindexdb,2018/08/03,11012.43
taiwanindexdb,2018/08/02,10929.77
taiwanindexdb,2018/08/01,11098.13
taiwanindexdb,2018/07/31,11057.51
taiwanindexdb,2018/07/30,11033.54
taiwanindexdb,2018/07/27,11075.78
taiwanindexdb,2018/07/26,11010.61
taiwanindexdb,2018/07/25,10965.79
taiwanindexdb,2018/07/24,10995.39
taiwanindexdb,2018/07/23,10946.89
taiwanindexdb,2018/07/20,10932.11
taiwanindexdb,2018/07/19,10835.38
taiwanindexdb,2018/07/18,10842.46
taiwanindexdb,2018/07/17,10778.99
taiwanindexdb,2018/07/16,10817.45
taiwanindexdb,2018/07/13,10864.54
taiwanindexdb,2018/07/12,10738.38
taiwanindexdb,2018/07/11,10676.84
taiwanindexdb,2018/07/10,10756.89
taiwanindexdb,2018/07/09,10720.28
taiwanindexdb,2018/07/06,10608.57
taiwanindexdb,2018/07/05,10611.81
taiwanindexdb,2018/07/04,10721.87
taiwanindexdb,2018/07/03,10715.72
taiwanindexdb,2018/07/02,10777.94
taiwanindexdb,2018/06/29,10836.91
taiwanindexdb,2018/06/28,10654.28
taiwanindexdb,2018/06/27,10701.03
taiwanindexdb,2018/06/26,10742.17
taiwanindexdb,2018/06/25,10786.46
taiwanindexdb,2018/06/22,10899.28
taiwanindexdb,2018/06/21,10941.07
taiwanindexdb,2018/06/20,10927.44
taiwanindexdb,2018/06/19,10904.19
taiwanindexdb,2018/06/15,11087.47
taiwanindexdb,2018/06/14,11013.98
taiwanindexdb,2018/06/13,11173.21
taiwanindexdb,2018/06/12,11144.79
taiwanindexdb,2018/06/11,11149.23
taiwanindexdb,2018/06/08,11156.42
taiwanindexdb,2018/06/07,11251.75
taiwanindexdb,2018/06/06,11201.83
taiwanindexdb,2018/06/05,11100.11
taiwanindexdb,2018/06/04,11109.5
taiwanindexdb,2018/06/01,10949.08
taiwanindexdb,2018/05/31,10874.96
taiwanindexdb,2018/05/30,10821.17
taiwanindexdb,2018/05/29,10964.12
taiwanindexdb,2018/05/28,10987.77
taiwanindexdb,2018/05/25,10942.3
taiwanindexdb,2018/05/24,10936.93
taiwanindexdb,2018/05/23,10886.18
taiwanindexdb,2018/05/22,10938.73
taiwanindexdb,2018/05/21,10966.2
taiwanindexdb,2018/05/18,10830.84
taiwanindexdb,2018/05/17,10833.81
taiwanindexdb,2018/05/16,10897.57
taiwanindexdb,2018/05/15,10874.73
taiwanindexdb,2018/05/14,10952.39
taiwanindexdb,2018/05/11,10858.98
taiwanindexdb,2018/05/10,10760.21
taiwanindexdb,2018/05/09,10703.35
taiwanindexdb,2018/05/08,10691.38
taiwanindexdb,2018/05/07,10604.91
taiwanindexdb,2018/05/04,10529.37
taiwanindexdb,2018/05/03,10514.18
taiwanindexdb,2018/05/02,10618.81
taiwanindexdb,2018/04/30,10657.88
taiwanindexdb,2018/04/27,10553.43
taiwanindexdb,2018/04/26,10488.58
taiwanindexdb,2018/04/25,10559.97
taiwanindexdb,2018/04/24,10579.5
taiwanindexdb,2018/04/23,10697.13
taiwanindexdb,2018/04/20,10779.38
taiwanindexdb,2018/04/19,10971.22
taiwanindexdb,2018/04/18,10847.89
taiwanindexdb,2018/04/17,10810.45
taiwanindexdb,2018/04/16,10954.55
taiwanindexdb,2018/04/13,10965.39
taiwanindexdb,2018/04/12,10955.29
taiwanindexdb,2018/04/11,10974.02
taiwanindexdb,2018/04/10,10927.18
taiwanindexdb,2018/04/09,10893.53
taiwanindexdb,2018/04/03,10821.53
taiwanindexdb,2018/04/02,10888.27
taiwanindexdb,2018/03/31,10919.49
taiwanindexdb,2018/03/30,10906.22
taiwanindexdb,2018/03/29,10845.92
taiwanindexdb,2018/03/28,10865.66
taiwanindexdb,2018/03/27,10986.79
taiwanindexdb,2018/03/26,10840.05
taiwanindexdb,2018/03/23,10823.33
taiwanindexdb,2018/03/22,11005.84
taiwanindexdb,2018/03/21,11011.07
taiwanindexdb,2018/03/20,11010.84
taiwanindexdb,2018/03/19,11046.9
taiwanindexdb,2018/03/16,11027.7
taiwanindexdb,2018/03/15,11018.45
taiwanindexdb,2018/03/14,11038.8
taiwanindexdb,2018/03/13,11095.63
taiwanindexdb,2018/03/12,11002.1
taiwanindexdb,2018/03/09,10864.82
taiwanindexdb,2018/03/08,10823.24
taiwanindexdb,2018/03/07,10745.32
taiwanindexdb,2018/03/06,10784.34
taiwanindexdb,2018/03/05,10642.9
taiwanindexdb,2018/03/02,10698.17
taiwanindexdb,2018/03/01,10785.79
taiwanindexdb,2018/02/27,10815.47
taiwanindexdb,2018/02/26,10836.7
taiwanindexdb,2018/02/23,10794.55
taiwanindexdb,2018/02/22,10662.38
taiwanindexdb,2018/02/21,10714.44
taiwanindexdb,2018/02/12,10421.09
taiwanindexdb,2018/02/09,10371.75
taiwanindexdb,2018/02/08,10528.52
taiwanindexdb,2018/02/07,10551.54
taiwanindexdb,2018/02/06,10404
taiwanindexdb,2018/02/05,10946.25
taiwanindexdb,2018/02/02,11126.23
taiwanindexdb,2018/02/01,11160.25
taiwanindexdb,2018/01/31,11103.79
taiwanindexdb,2018/01/30,11076.78
taiwanindexdb,2018/01/29,11221.81
taiwanindexdb,2018/01/26,11147.1
taiwanindexdb,2018/01/25,11165.95
taiwanindexdb,2018/01/24,11152.16
taiwanindexdb,2018/01/23,11253.11
taiwanindexdb,2018/01/22,11231.46
taiwanindexdb,2018/01/19,11150.85
taiwanindexdb,2018/01/18,11071.57
taiwanindexdb,2018/01/17,11004.8
taiwanindexdb,2018/01/16,10986.11
taiwanindexdb,2018/01/15,10956.31
taiwanindexdb,2018/01/12,10883.96
taiwanindexdb,2018/01/11,10810.06
taiwanindexdb,2018/01/10,10831.09
taiwanindexdb,2018/01/09,10914.89
taiwanindexdb,2018/01/08,10915.75
taiwanindexdb,2018/01/05,10879.8
taiwanindexdb,2018/01/04,10848.63
taiwanindexdb,2018/01/03,10801.57
taiwanindexdb,2018/01/02,10710.73
taiwanindexdb,2017/12/29,10642.86
taiwanindexdb,2017/12/28,10567.64
taiwanindexdb,2017/12/27,10486.67
taiwanindexdb,2017/12/26,10421.91
taiwanindexdb,2017/12/25,10522.49
taiwanindexdb,2017/12/22,10537.27
taiwanindexdb,2017/12/21,10488.97
taiwanindexdb,2017/12/20,10504.52
taiwanindexdb,2017/12/19,10467.34
taiwanindexdb,2017/12/18,10506.52
taiwanindexdb,2017/12/15,10491.44
taiwanindexdb,2017/12/14,10538.01
taiwanindexdb,2017/12/13,10470.7
taiwanindexdb,2017/12/12,10443.28
taiwanindexdb,2017/12/11,10473.09
taiwanindexdb,2017/12/08,10398.62
taiwanindexdb,2017/12/07,10355.76
taiwanindexdb,2017/12/06,10393.92
taiwanindexdb,2017/12/05,10566.85
taiwanindexdb,2017/12/04,10651.11
taiwanindexdb,2017/12/01,10600.37
taiwanindexdb,2017/11/30,10560.44
taiwanindexdb,2017/11/29,10713.55
taiwanindexdb,2017/11/28,10707.07
taiwanindexdb,2017/11/27,10750.93
taiwanindexdb,2017/11/24,10854.09
taiwanindexdb,2017/11/23,10854.57
taiwanindexdb,2017/11/22,10822.59
taiwanindexdb,2017/11/21,10779.24
taiwanindexdb,2017/11/20,10664.55
taiwanindexdb,2017/11/17,10701.64
taiwanindexdb,2017/11/16,10625.04
taiwanindexdb,2017/11/15,10630.65
taiwanindexdb,2017/11/14,10687.18
taiwanindexdb,2017/11/13,10683.92
taiwanindexdb,2017/11/10,10732.67
taiwanindexdb,2017/11/09,10743.27
taiwanindexdb,2017/11/08,10818.99
taiwanindexdb,2017/11/07,10840.34
taiwanindexdb,2017/11/06,10786.19
taiwanindexdb,2017/11/03,10800.77
taiwanindexdb,2017/11/02,10788.51
taiwanindexdb,2017/11/01,10806.36
taiwanindexdb,2017/10/31,10793.8
taiwanindexdb,2017/10/30,10756.87
taiwanindexdb,2017/10/27,10709.11
taiwanindexdb,2017/10/26,10734.76
taiwanindexdb,2017/10/25,10750.57
taiwanindexdb,2017/10/24,10743.78
taiwanindexdb,2017/10/23,10735.21
taiwanindexdb,2017/10/20,10728.88
taiwanindexdb,2017/10/19,10760.29
taiwanindexdb,2017/10/18,10720.28
taiwanindexdb,2017/10/17,10723.15
taiwanindexdb,2017/10/16,10774.21
taiwanindexdb,2017/10/13,10724.09
taiwanindexdb,2017/10/12,10711.44
taiwanindexdb,2017/10/11,10641.19
taiwanindexdb,2017/10/06,10532.81
taiwanindexdb,2017/10/05,10518.27
taiwanindexdb,2017/10/03,10469.35
taiwanindexdb,2017/10/02,10465.16
taiwanindexdb,2017/09/30,10383.94
taiwanindexdb,2017/09/29,10329.94
taiwanindexdb,2017/09/28,10296.45
taiwanindexdb,2017/09/27,10326.68
taiwanindexdb,2017/09/26,10257.02
taiwanindexdb,2017/09/25,10335.89
taiwanindexdb,2017/09/22,10449.68
taiwanindexdb,2017/09/21,10578.44
taiwanindexdb,2017/09/20,10519.17
taiwanindexdb,2017/09/19,10576.14
taiwanindexdb,2017/09/18,10631.57
taiwanindexdb,2017/09/15,10580.41
taiwanindexdb,2017/09/14,10553.57
taiwanindexdb,2017/09/13,10532.88
taiwanindexdb,2017/09/12,10610.35
taiwanindexdb,2017/09/11,10572.16
taiwanindexdb,2017/09/08,10609.95
taiwanindexdb,2017/09/07,10538.51
taiwanindexdb,2017/09/06,10547.86
taiwanindexdb,2017/09/05,10617.84
taiwanindexdb,2017/09/04,10569.87
taiwanindexdb,2017/09/01,10594.82
taiwanindexdb,2017/08/31,10585.78
taiwanindexdb,2017/08/30,10569.4
taiwanindexdb,2017/08/29,10496.57
taiwanindexdb,2017/08/28,10525.98
taiwanindexdb,2017/08/25,10515.51
taiwanindexdb,2017/08/24,10488.96
taiwanindexdb,2017/08/23,10406.81
taiwanindexdb,2017/08/22,10392.07
taiwanindexdb,2017/08/21,10326.39
taiwanindexdb,2017/08/18,10321.33
taiwanindexdb,2017/08/17,10369.37
taiwanindexdb,2017/08/16,10290.39
taiwanindexdb,2017/08/15,10311.16
taiwanindexdb,2017/08/14,10225.28
taiwanindexdb,2017/08/11,10329.57
taiwanindexdb,2017/08/10,10329.74
taiwanindexdb,2017/08/09,10470.38
taiwanindexdb,2017/08/08,10568.97
taiwanindexdb,2017/08/07,10579.38
taiwanindexdb,2017/08/04,10506.56
taiwanindexdb,2017/08/03,10469.88
taiwanindexdb,2017/08/02,10519.27
taiwanindexdb,2017/08/01,10437.29
taiwanindexdb,2017/07/31,10427.33
taiwanindexdb,2017/07/28,10423.05
taiwanindexdb,2017/07/27,10508.37
taiwanindexdb,2017/07/26,10419.11
taiwanindexdb,2017/07/25,10463.15
taiwanindexdb,2017/07/24,10461.28
taiwanindexdb,2017/07/21,10436.7
taiwanindexdb,2017/07/20,10499.36
taiwanindexdb,2017/07/19,10506.1
taiwanindexdb,2017/07/18,10481.26
taiwanindexdb,2017/07/17,10457.54
taiwanindexdb,2017/07/14,10443.91
taiwanindexdb,2017/07/13,10460.15
taiwanindexdb,2017/07/12,10420.68
taiwanindexdb,2017/07/11,10415.57
taiwanindexdb,2017/07/10,10289.91
taiwanindexdb,2017/07/07,10297.25
taiwanindexdb,2017/07/06,10368.2
taiwanindexdb,2017/07/05,10404.79
taiwanindexdb,2017/07/04,10347.78
taiwanindexdb,2017/07/03,10412.79
taiwanindexdb,2017/06/30,10395.07
taiwanindexdb,2017/06/29,10421.65
taiwanindexdb,2017/06/28,10390.55
taiwanindexdb,2017/06/27,10512.06
taiwanindexdb,2017/06/26,10513.96
taiwanindexdb,2017/06/23,10377.7
taiwanindexdb,2017/06/22,10399.06
taiwanindexdb,2017/06/21,10349.72
taiwanindexdb,2017/06/20,10324.46
taiwanindexdb,2017/06/19,10250.6
taiwanindexdb,2017/06/16,10156.73
taiwanindexdb,2017/06/15,10088.35
taiwanindexdb,2017/06/14,10072.46
taiwanindexdb,2017/06/13,10128.15
taiwanindexdb,2017/06/12,10109.96
taiwanindexdb,2017/06/09,10199.65
taiwanindexdb,2017/06/08,10225.78
taiwanindexdb,2017/06/07,10209.99
taiwanindexdb,2017/06/06,10206.18
taiwanindexdb,2017/06/05,10226.84
taiwanindexdb,2017/06/03,10158.15
taiwanindexdb,2017/06/02,10152.53
taiwanindexdb,2017/06/01,10087.42
taiwanindexdb,2017/05/31,10040.72
taiwanindexdb,2017/05/26,10101.95
taiwanindexdb,2017/05/25,10108.49
taiwanindexdb,2017/05/24,10044.42
taiwanindexdb,2017/05/23,10007.84
taiwanindexdb,2017/05/22,9997.26
taiwanindexdb,2017/05/19,9947.62
taiwanindexdb,2017/05/18,9969.45
taiwanindexdb,2017/05/17,10013.67
taiwanindexdb,2017/05/16,10031.49
taiwanindexdb,2017/05/15,10036.82
taiwanindexdb,2017/05/12,9986.82
taiwanindexdb,2017/05/11,10001.48
taiwanindexdb,2017/05/10,9968.32
taiwanindexdb,2017/05/09,9915.48
taiwanindexdb,2017/05/08,9937.25
taiwanindexdb,2017/05/05,9899.94
taiwanindexdb,2017/05/04,9967.64
taiwanindexdb,2017/05/03,9955.33
taiwanindexdb,2017/05/02,9941.27
taiwanindexdb,2017/04/28,9872
taiwanindexdb,2017/04/27,9860.62
taiwanindexdb,2017/04/26,9856.45
taiwanindexdb,2017/04/25,9841.71
taiwanindexdb,2017/04/24,9717.95
taiwanindexdb,2017/04/21,9717.41
taiwanindexdb,2017/04/20,9632.69
taiwanindexdb,2017/04/19,9639.94
taiwanindexdb,2017/04/18,9746.56
taiwanindexdb,2017/04/17,9716.4
taiwanindexdb,2017/04/14,9732.93
taiwanindexdb,2017/04/13,9836.68
taiwanindexdb,2017/04/12,9817.68
taiwanindexdb,2017/04/11,9832.42
taiwanindexdb,2017/04/10,9882.54
taiwanindexdb,2017/04/07,9873.37
taiwanindexdb,2017/04/06,9897.8
taiwanindexdb,2017/04/05,9949.48
taiwanindexdb,2017/03/31,9811.52
taiwanindexdb,2017/03/30,9848.15
taiwanindexdb,2017/03/29,9856.25
taiwanindexdb,2017/03/28,9876.45
taiwanindexdb,2017/03/27,9876.77
taiwanindexdb,2017/03/24,9902.98
taiwanindexdb,2017/03/23,9930.74
taiwanindexdb,2017/03/22,9922.66
taiwanindexdb,2017/03/21,9972.49
taiwanindexdb,2017/03/20,9912.97
taiwanindexdb,2017/03/17,9908.69
taiwanindexdb,2017/03/16,9837.83
taiwanindexdb,2017/03/15,9740.31
taiwanindexdb,2017/03/14,9744.21
taiwanindexdb,2017/03/13,9697.34
taiwanindexdb,2017/03/10,9627.89
taiwanindexdb,2017/03/09,9658.61
taiwanindexdb,2017/03/08,9753.45
taiwanindexdb,2017/03/07,9738.07
taiwanindexdb,2017/03/06,9682.63
taiwanindexdb,2017/03/03,9648.21
taiwanindexdb,2017/03/02,9691.8
taiwanindexdb,2017/03/01,9674.78
taiwanindexdb,2017/02/24,9750.47
taiwanindexdb,2017/02/23,9769.31
taiwanindexdb,2017/02/22,9778.78
taiwanindexdb,2017/02/21,9763.93
taiwanindexdb,2017/02/20,9753.2
taiwanindexdb,2017/02/18,9779.92
taiwanindexdb,2017/02/17,9759.76
taiwanindexdb,2017/02/16,9771.25
taiwanindexdb,2017/02/15,9799.76
taiwanindexdb,2017/02/14,9718.78
taiwanindexdb,2017/02/13,9710.32
taiwanindexdb,2017/02/10,9665.59
taiwanindexdb,2017/02/09,9590.18
taiwanindexdb,2017/02/08,9543.25
taiwanindexdb,2017/02/07,9554.56
taiwanindexdb,2017/02/06,9538.01
taiwanindexdb,2017/02/03,9455.56
taiwanindexdb,2017/02/02,9428.97
taiwanindexdb,2017/01/24,9447.95
taiwanindexdb,2017/01/23,9424.05
taiwanindexdb,2017/01/20,9331.46
taiwanindexdb,2017/01/19,9318.12
taiwanindexdb,2017/01/18,9341.97
taiwanindexdb,2017/01/17,9354.53
taiwanindexdb,2017/01/16,9292.33
taiwanindexdb,2017/01/13,9378.83
taiwanindexdb,2017/01/12,9410.18
taiwanindexdb,2017/01/11,9345.74
taiwanindexdb,2017/01/10,9349.64
taiwanindexdb,2017/01/09,9342.42
taiwanindexdb,2017/01/06,9372.22
taiwanindexdb,2017/01/05,9358.14
taiwanindexdb,2017/01/04,9286.96
taiwanindexdb,2017/01/03,9272.88
taiwanindexdb,2016/12/30,9253.5
taiwanindexdb,2016/12/29,9153.09
taiwanindexdb,2016/12/28,9201.4
taiwanindexdb,2016/12/27,9109.27
taiwanindexdb,2016/12/26,9110.54
taiwanindexdb,2016/12/23,9078.64
taiwanindexdb,2016/12/22,9118.75
taiwanindexdb,2016/12/21,9204.26
taiwanindexdb,2016/12/20,9242.41
taiwanindexdb,2016/12/19,9239.32
taiwanindexdb,2016/12/16,9326.78
taiwanindexdb,2016/12/15,9360.35
taiwanindexdb,2016/12/14,9368.52
taiwanindexdb,2016/12/13,9382.14
taiwanindexdb,2016/12/12,9349.94
taiwanindexdb,2016/12/09,9392.68
taiwanindexdb,2016/12/08,9375.86
taiwanindexdb,2016/12/07,9263.89
taiwanindexdb,2016/12/06,9250.77
taiwanindexdb,2016/12/05,9160.66
taiwanindexdb,2016/12/02,9189.49
taiwanindexdb,2016/12/01,9263.53
taiwanindexdb,2016/11/30,9240.71
taiwanindexdb,2016/11/29,9192.38
taiwanindexdb,2016/11/28,9222.24
taiwanindexdb,2016/11/25,9159.07
taiwanindexdb,2016/11/24,9152.11
taiwanindexdb,2016/11/23,9178.23
taiwanindexdb,2016/11/22,9133.39
taiwanindexdb,2016/11/21,9041.11
taiwanindexdb,2016/11/18,9008.79
taiwanindexdb,2016/11/17,8995.26
taiwanindexdb,2016/11/16,8962.22
taiwanindexdb,2016/11/15,8931.03
taiwanindexdb,2016/11/14,8940.4
taiwanindexdb,2016/11/11,8957.76
taiwanindexdb,2016/11/10,9152.18
taiwanindexdb,2016/11/09,8943.2
taiwanindexdb,2016/11/08,9217.43
taiwanindexdb,2016/11/07,9189.84
taiwanindexdb,2016/11/04,9068.15
taiwanindexdb,2016/11/03,9067.27
taiwanindexdb,2016/11/02,9139.04
taiwanindexdb,2016/11/01,9272.7
taiwanindexdb,2016/10/31,9290.12
taiwanindexdb,2016/10/28,9306.92
taiwanindexdb,2016/10/27,9299.55
taiwanindexdb,2016/10/26,9362.25
taiwanindexdb,2016/10/25,9385.65
taiwanindexdb,2016/10/24,9322.5
taiwanindexdb,2016/10/21,9306.57
taiwanindexdb,2016/10/20,9317.24
taiwanindexdb,2016/10/19,9283.99
taiwanindexdb,2016/10/18,9222.58
taiwanindexdb,2016/10/17,9176.22
taiwanindexdb,2016/10/14,9165.17
taiwanindexdb,2016/10/13,9219.17
taiwanindexdb,2016/10/12,9252.6
taiwanindexdb,2016/10/11,9219.82
taiwanindexdb,2016/10/07,9265.81
taiwanindexdb,2016/10/06,9284.31
taiwanindexdb,2016/10/05,9272.28
taiwanindexdb,2016/10/04,9287.77
taiwanindexdb,2016/10/03,9234.2
taiwanindexdb,2016/09/30,9166.85
taiwanindexdb,2016/09/29,9270.9
taiwanindexdb,2016/09/26,9194.52
taiwanindexdb,2016/09/23,9284.62
taiwanindexdb,2016/09/22,9235.26
taiwanindexdb,2016/09/21,9228.5
taiwanindexdb,2016/09/20,9161.58
taiwanindexdb,2016/09/19,9152.88
taiwanindexdb,2016/09/14,8902.3
taiwanindexdb,2016/09/13,8940.83
taiwanindexdb,2016/09/12,8947.06
taiwanindexdb,2016/09/10,9053.69
taiwanindexdb,2016/09/09,9164.88
taiwanindexdb,2016/09/08,9262.89
taiwanindexdb,2016/09/07,9259.07
taiwanindexdb,2016/09/06,9181.85
taiwanindexdb,2016/09/05,9090.13
taiwanindexdb,2016/09/02,8987.55
taiwanindexdb,2016/09/01,9001.15
taiwanindexdb,2016/08/31,9068.85
taiwanindexdb,2016/08/30,9110.56
taiwanindexdb,2016/08/29,9110.17
taiwanindexdb,2016/08/26,9131.72
taiwanindexdb,2016/08/25,9115.47
taiwanindexdb,2016/08/24,9017.38
taiwanindexdb,2016/08/23,9030.93
taiwanindexdb,2016/08/22,8981.81
taiwanindexdb,2016/08/19,9034.27
taiwanindexdb,2016/08/18,9122.5
taiwanindexdb,2016/08/17,9117.7
taiwanindexdb,2016/08/16,9110.36
taiwanindexdb,2016/08/15,9148.51
taiwanindexdb,2016/08/12,9150.39
taiwanindexdb,2016/08/11,9131.83
taiwanindexdb,2016/08/10,9200.42
taiwanindexdb,2016/08/09,9155.08
taiwanindexdb,2016/08/08,9150.26
taiwanindexdb,2016/08/05,9092.12
taiwanindexdb,2016/08/04,9024.71
taiwanindexdb,2016/08/03,9001.71
taiwanindexdb,2016/08/02,9068.76
taiwanindexdb,2016/08/01,9080.71
taiwanindexdb,2016/07/29,8984.41
taiwanindexdb,2016/07/28,9076.64
taiwanindexdb,2016/07/27,9063.39
taiwanindexdb,2016/07/26,9024.79
taiwanindexdb,2016/07/25,8991.67
taiwanindexdb,2016/07/22,9013.14
taiwanindexdb,2016/07/21,9056.56
taiwanindexdb,2016/07/20,9007.68
taiwanindexdb,2016/07/19,9034.87
taiwanindexdb,2016/07/18,9008.21
taiwanindexdb,2016/07/15,8949.85
taiwanindexdb,2016/07/14,8866.36
taiwanindexdb,2016/07/13,8857.75
taiwanindexdb,2016/07/12,8841.46
taiwanindexdb,2016/07/11,8786.47
taiwanindexdb,2016/07/07,8640.91
taiwanindexdb,2016/07/06,8575.75
taiwanindexdb,2016/07/05,8716.07
taiwanindexdb,2016/07/04,8760.58
taiwanindexdb,2016/07/01,8738.24
taiwanindexdb,2016/06/30,8666.58
taiwanindexdb,2016/06/29,8586.56
taiwanindexdb,2016/06/28,8505.51
taiwanindexdb,2016/06/27,8458.87
taiwanindexdb,2016/06/24,8476.99
taiwanindexdb,2016/06/23,8676.68
taiwanindexdb,2016/06/22,8716.25
taiwanindexdb,2016/06/21,8684.85
taiwanindexdb,2016/06/20,8625.92
taiwanindexdb,2016/06/17,8568.08
taiwanindexdb,2016/06/16,8494.14
taiwanindexdb,2016/06/15,8606.37
taiwanindexdb,2016/06/14,8576.12
taiwanindexdb,2016/06/13,8536.22
taiwanindexdb,2016/06/08,8715.48
taiwanindexdb,2016/06/07,8679.9
taiwanindexdb,2016/06/06,8597.11
taiwanindexdb,2016/06/04,8591.57
taiwanindexdb,2016/06/03,8587.36
taiwanindexdb,2016/06/02,8556.02
taiwanindexdb,2016/06/01,8597.16
taiwanindexdb,2016/05/31,8535.59
taiwanindexdb,2016/05/30,8535.87
taiwanindexdb,2016/05/27,8463.61
taiwanindexdb,2016/05/26,8394.12
taiwanindexdb,2016/05/25,8396.2
taiwanindexdb,2016/05/24,8300.66
taiwanindexdb,2016/05/23,8344.44
taiwanindexdb,2016/05/20,8131.26
taiwanindexdb,2016/05/19,8095.98
taiwanindexdb,2016/05/18,8159.68
taiwanindexdb,2016/05/17,8140.48
taiwanindexdb,2016/05/16,8067.6
taiwanindexdb,2016/05/13,8053.69
taiwanindexdb,2016/05/12,8108.05
taiwanindexdb,2016/05/11,8135.56
taiwanindexdb,2016/05/10,8156.29
taiwanindexdb,2016/05/09,8131.83
taiwanindexdb,2016/05/06,8146.43
taiwanindexdb,2016/05/05,8167.96
taiwanindexdb,2016/05/04,8185.47
taiwanindexdb,2016/05/03,8294.12
taiwanindexdb,2016/04/29,8377.9
taiwanindexdb,2016/04/28,8473.87
taiwanindexdb,2016/04/27,8563.05
taiwanindexdb,2016/04/26,8581.57
taiwanindexdb,2016/04/25,8560.28
taiwanindexdb,2016/04/22,8535.75
taiwanindexdb,2016/04/21,8568.65
taiwanindexdb,2016/04/20,8514.48
taiwanindexdb,2016/04/19,8633.72
taiwanindexdb,2016/04/18,8666.01
taiwanindexdb,2016/04/15,8700.39
taiwanindexdb,2016/04/14,8667.71
taiwanindexdb,2016/04/13,8652.08
taiwanindexdb,2016/04/12,8531.18
taiwanindexdb,2016/04/11,8562.59
taiwanindexdb,2016/04/08,8541.5
taiwanindexdb,2016/04/07,8490.25
taiwanindexdb,2016/04/06,8513.3
taiwanindexdb,2016/04/01,8657.55
taiwanindexdb,2016/03/31,8744.83
taiwanindexdb,2016/03/30,8737.04
taiwanindexdb,2016/03/29,8617.35
taiwanindexdb,2016/03/28,8690.45
taiwanindexdb,2016/03/25,8704.97
taiwanindexdb,2016/03/24,8743.38
taiwanindexdb,2016/03/23,8766.09
taiwanindexdb,2016/03/22,8785.68
taiwanindexdb,2016/03/21,8812.7
taiwanindexdb,2016/03/18,8810.71
taiwanindexdb,2016/03/17,8734.54
taiwanindexdb,2016/03/16,8699.14
taiwanindexdb,2016/03/15,8611.18
taiwanindexdb,2016/03/14,8747.9
taiwanindexdb,2016/03/11,8706.14
taiwanindexdb,2016/03/10,8660.7
taiwanindexdb,2016/03/09,8634.11
taiwanindexdb,2016/03/08,8664.31
taiwanindexdb,2016/03/07,8659.55
taiwanindexdb,2016/03/04,8643.55
taiwanindexdb,2016/03/03,8611.79
taiwanindexdb,2016/03/02,8544.05
taiwanindexdb,2016/03/01,8485.69
taiwanindexdb,2016/02/26,8411.16
